filename,actual,predicted
pk_001.wav,Mero assignment submit garna time lagxa.,"mere assignments, summit were not time lags."
pk_002.wav,Sir le bhaneko concept clear vayena.,Surle of the concept is very clear
pk_003.wav,Timi chai kati baje ghar jane plan cha?,plane
pk_004.wav,Please send me the pdf after class.,Please send me the PDF of the class.
pk_005.wav,Mero phone ko battery almost dead xa.,Ù…ÛŒØ±Ùˆ phone Ú©Ùˆ battery almost dead sir
pk_006.wav,Let's go to canteen after this lecture.,Let's go to Kandina after this lecture.
pk_007.wav,Maile yo topic bujhna try gare but alik garo lagyo.,sweetie ototh openedbook new trigger and brought get
pk_008.wav,"Herana, yo diagram ramro sanga draw garnu parxa.",... ê·¸ëŸ°ë° 3% worker here
pk_009.wav,Tyo presentation ma photo clarity thikai xa ni.,due presentation of photo clarity Thickness on
pk_010.wav,Ma aba ghar jane sochdai chu.,Moha Bha Gharzani sos thai su
pk_011.wav,Tyo movie ko trailer dherai ramro xa.,ÚˆÛŒÙˆ Ù…ÙˆÚ¯ÛŒ Ú¯Ù¹Ø±ÛŒÙ„Û Ø¯Ú¾Ø±Û’ Ø±Ø§Ù…Ø±Ø³Û
pk_012.wav,Assignment ko deadline extend hunxa ki nai?,reich
pk_013.wav,Kal college ma class cancelled xa re.,hem Olivier
pk_014.wav,Sir le extra class rakhnu bhayo bholi.,"s Should be extent,"
pk_015.wav,Tyo code ma error dekhauna sakchau?,FYI
pk_016.wav,Mero laptop ma python install xa already.,mero laptop ma python installs already
pk_017.wav,Let's finish this project by tonight.,Let's finish this project by tonight.
pk_018.wav,Maile tyo reel edit gareko xu.,coach
pk_019.wav,Yo song sunera mood fresh hunxa.,yo song sonera more freesunza
pk_020.wav,Lunch ma momo khane ho?,Society GT
pk_021.wav,Yo code run garna thap module install garnu parxa.,Yo kood raha ngaarna Thot module install R Pronunciation
pk_022.wav,"Kal test cha, padhera aauna.",We'll feast in Fry's
pk_023.wav,Mero name list ma xa ki nai?,mero name list match haki naay
pk_024.wav,Tyo file google drive ma upload gardinu.,Thio file google drive upload
pk_025.wav,Please call me after your class.,Please call me a period class.
pk_026.wav,Kati ramro weather xa aja.,Kautå´‡
pk_027.wav,Mero net slow vairaixa aaja.,Emironeats Normal Fukai corona
pk_028.wav,Tyo teacher ko teaching style dherai ramro xa.,tiao teach aur kut teaching style de re Maori committed
pk_029.wav,Let's meet at library after break.,Let's meet at library after break.
pk_030.wav,Mero assignment almost complete xa.,mero assignment almost complete sir
pk_031.wav,Kal group meeting kati baje?,Bholy Group Meeting
pk_032.wav,Tyo video edit garna time lagxa.,QO Video Identity and
pk_033.wav,Maile arko section ma class linu parxa.,more liã‚ã‚Š aatro tom
pk_034.wav,Please send me the link for registration.,Please send me the link for registration.
pk_035.wav,Sir le bhaneko notes upload gardinu.,Ú¾Ø§ Ù„Û’ Ú¯Ø§Ù†Û’ Ú¯Ø§ Ù†ÙˆÙ¹Ø³ Ø§Ù¾Ù„Ù¹ Ú¯Ø§ Ø¯ÛŒÙ„Û’
pk_036.wav,Maile tyo message padhna birse.,mayo only 2 masses Pornabhi
pk_037.wav,Timro pen use garna milxa?,take plate
pk_038.wav,Ma ghar pugna laai taxi liyera gaye.,small kid
pk_039.wav,Tyo app use garna easy xa.,Do it happy with God my easy son.
pk_040.wav,Let's go for tea break.,Let's go for tea break.
pk_041.wav,Maile tyo error fix gare.,May let you either fix it now.
pk_042.wav,Tyo project ko idea ramro cha.,iran joystick
pk_043.wav,Please mute your mic during class.,Please mute your mic during class.
pk_044.wav,Mero code ma syntax error xa re.,"Miru Coleman, Syntaxe, E cruise, Sarik"
pk_045.wav,Kal holiday xa re college ma.,BholyÄ±keli Days everyone in the college on Sunday.
pk_046.wav,Tyo website ko UI design attractive cha.,Teo website where UI design or tech tips are
pk_047.wav,Maile tyo pdf drive ma rakheko xu.,continuous Angular
pk_048.wav,Please check your email.,Playtsekyo rentay mal
pk_049.wav,Ma arko week bata start garxu.,ì–´ë¡œkee ke ostod
pk_050.wav,Tyo function call garera check gara.,tillfonksonsense call Garirajaggera
pk_051.wav,Mero notes bhetiena.,Atheaters Hashem
pk_052.wav,Maile chai class ma suneko xu yo kura.,Îœ Ä‘wnieÅ¼oly Tintils to make meals
pk_053.wav,Tyo practical test garna alik garo cha.,aims to take out handy
pk_054.wav,Please bring your laptop tomorrow.,Please bring your laptop tomorrow.
pk_055.wav,Maile tyo assignment submit gareko xu already.,"Moi le ti os supplement, somit gorekochforo al Nowati"
pk_056.wav,Sir le kal viva linu hunchha.,S00LYB offshore
pk_057.wav,Let's finish this task today itself.,Let's finish this task today itself.
pk_058.wav,Mero room ma charger xa.,Mirorqulmat listening
pk_059.wav,Please download the software before class.,Please download the software before class.
pk_060.wav,Maile tyo meeting join garna birse.,Ù…Ø§Ø¦Ù„Û’ ØªÛŒÙˆ Ù…ÛŒÙ¹ÛŒÙ†Ø¬ Ø¬ÙˆÛŒÙ† Ú¯Ø±Ù†Û Ø¨ÛŒÙ¹Ø³Û’
pk_061.wav,Tyo topic explain gardinu na.,lookin for tenth week
pk_062.wav,Yo project deploy garnai parxa.,"your project, deployaby atk ì´ê±°"
pk_063.wav,Mero phone ko storage full vayo.,mere of one coin store is full while
pk_064.wav,Let's have coffee after lunch.,Let's have coffee after lunch.
pk_065.wav,Mero group ko presentation today xa.,rav proximity
pk_066.wav,Tyo lecture record garna parxa.,aur
pk_067.wav,Please check the output once.,Please check the output once.
pk_068.wav,Ma arko video banauchu tes mathi.,parable know
pk_069.wav,Sir le code explain garna bhaneko thiyo.,28 bhaj.
pk_070.wav,Let's complete all modules today.,Let's complete all modules today.
pk_071.wav,Tyo folder drive ma xa already.,2 folder drive match already
pk_072.wav,Maile chai morning ma padha xu.,District Policerudner
pk_073.wav,Please wait for five minutes.,Please wait for 5 minutes.
pk_074.wav,Tyo class start vayo ki nai?,weisà®¿ caused a 3x3
pk_075.wav,Maile chai sabai notes revise gare.,mhyunlu ksinkstyle
pk_076.wav,Tyo seminar ma interesting topic thiyo.,dr office
pk_077.wav,Mero bike ko petrol sakiyo.,"ã°erogl, Bike or Patrol Soc girl"
pk_078.wav,Let's go for a walk in evening.,Let's go for a walk in Eevee.
pk_079.wav,Maile chai assignment hard copy submit gare.,"Mulchat, Simon Hart automatically usursday"
pk_080.wav,Please share your screen.,Please see your screen.
pk_081.wav,Tyo error ko solution google ma xa.,×’Ğ¸Ğ²eled aar ku GN inhale
pk_082.wav,Maile chai ghar ma padhna ramro lagxa.,differently
pk_083.wav,Tyo book ma diagram ramro cha.,Billiezewa
pk_084.wav,Let's finalize the project report today.,Let's finalize the project report today.
pk_085.wav,Mero pen khoi bhaneko xa.,Ù…ÛŒØ±à¯ Ù¾ÛŒÙ† Ú©ÙˆØ¦ÛŒ Ø¨Ø§Ù†Ú¯Û Ø³Ø§
pk_086.wav,Maile chai code push gare github ma.,maylet soncold poucs goreng of kitab ma
pk_087.wav,Please explain the logic once.,Please explain the logic once.
pk_088.wav,Tyo video ma subtitle cha ki nai?,Ú¾Ùˆ Ø¨Ú¾ÛŒÚ‘ÛŒÙˆ Ù…Ø± Ø³Ø¨Ù¹Ø§Ø¦Ù¹Ù„ Ø³Ø§Ú©ÛŒ Ù†ÛÛŒÚº
pk_089.wav,Mero roll number 40 ho.,Ù…ÛŒØ±Ùˆ role number 40
pk_090.wav,Tyo photo clear cha.,Û”
pk_091.wav,Please reply to my email soon.,Please reply to my email soon.
pk_092.wav,Maile chai sabai task complete gare.,Moilets are in Soviet task complete
pk_093.wav,Tyo video upload garna time lagxa.,Till video upload gore nut time laxar
pk_094.wav,Mero laptop ko charger harayo.,i de
pk_095.wav,Let's plan for tomorrow's class.,Let's plan for tomorrow's class.
pk_096.wav,Maile chai form fill gare already.,Ã¤lleĞ¸Ñ‡ backsay waayì•Œ
pk_097.wav,Tyo code snippet send gardinu.,dari goi snipe sek launcher
pk_098.wav,Please update the document today.,please update the document today
pk_099.wav,Maile chai output check gare already.,value
pk_100.wav,Tyo function debug garna parxa.,Tiho function directly and debug director
pk_101.wav,Maile chai breakfast nagareko.,mÃ³eli c1n1 pool
pk_102.wav,Tyo app update garna parxa.,Dedawn Ñ‚ĞµĞ±Ğµ honestly
pk_103.wav,Let's complete this topic today.,Let's complete this topic today.
pk_104.wav,Mero internet connection unstable xa.,mero internet connection on Stable !
pk_105.wav,Please send me the notes after class.,Please send me the notes after class.
pk_106.wav,Tyo meeting kati baje start hunxa?,2 meeting kothi bhaji startan sa
pk_107.wav,Maile chai kal dekhi padna thale.,Ú¾Ø§ Ù„Û’ Ú†Ø§ÛÛŒÚº Ø¨ÙˆÙ„ÛŒ Ø¯Û’ ÛÛŒ Ù¾Ø± Ù†Ø§ ØªÚ¾Ø§ Ù„Û’
pk_108.wav,Sir le assignment ko deadline extend garnu bhayo.,Ú†Ú¾Ø§Ú‘Ø§fun ooh Crimson
pk_109.wav,Tyo code output expected jasto xaina.,Gor SP Estitute
pk_110.wav,Please switch on your camera during viva.,Please switch on your camera during Viva.
pk_111.wav,Maile chai course complete gare half.,ÑƒĞ²ĞµÑ€ it song it corporate got he us
pk_112.wav,Tyo task allocate garna parxa sabai ma.,ata
pk_113.wav,Mero phone ma tyo app install xa.,mero phone mat yo app install son
pk_114.wav,Let's do group study tomorrow.,let's do group study tomorrow
pk_115.wav,Maile chai tyo diagram draw gare class ma.,M music
pk_116.wav,Please submit the form before deadline.,Please summit the form before deadline.
pk_117.wav,Mero bike service garna parxa.,May Robbikes Orbis garnau vatsan
pk_118.wav,Tyo module bhaneko dherai important xa.,tbm og z Ğ¸Ğ´bo
pk_119.wav,Maile chai kal dekhi early uthna thale.,Ú¾Ø§ÛŒÙ„Û’ Ú¾Ø³ÛŒÚº Ø¨ÙˆÙ„ÛŒ Ø¯Û’ ÛÛŒ Ø§ÙˆØ± Ù„ÛŒ Ø§Ù¹Ù†Û ØªÚ¾Ø§ Ù„Û’
pk_120.wav,Let's discuss this topic after lunch.,Let's discuss the topic after launch.
pk_121.wav,Ma ghar pugna laai taxi liyera aako.,Madh haarpug na lie! Teksilffiyar oggiya.
pk_122.wav,Please mute yourself during meeting.,Please mute yourself during meeting.
pk_123.wav,Maile chai tyo topic revise gareko xu.,Moilits & your topic revise gore
pk_124.wav,Tyo website load huna time lagxa.,2 website load on our time laxa
pk_125.wav,Let's finish editing the video today.,Let's finish reading the video today.
ab_126.wav,Mero assignment file corrupt vayo.,mero assignment file corrupt bio
ab_127.wav,Tyo lecture record garna bhayo sir le.,"2 link to the macern whichever rectangle you choose , Logout G Homestates"
ab_128.wav,Please send the zoom link.,Please send the zoom link.
ab_129.wav,Maile chai hijo padhna time paayena.,"Mule, Chahi, Hizu, Kornot, Time, Pai, No"
ab_130.wav,Tyo image ko resolution low xa.,"Till despuÃ©s, we will be left being arrested"
ab_131.wav,Let's go for group lunch today.,Let's go for a cool lunch today.
ab_132.wav,Ma ghar pugna alik late vayo.,Gam ste khaaì¹˜ë¥¼ retï¿½
ab_133.wav,Please reply to my message soon.,PLEASE REPLAY TO MY MISSED SON
ab_134.wav,Tyo code logic bujhna time lagxa.,Dhoar ki kowd lojike bgod sno time dak toh
ab_135.wav,Maile chai arko example try gare.,"à¤µà¥‹à¤¯à¥‡ à¤§à¤¾à¤¯ à¤ é™› à¤ŸÄ°, à¤šà¤µà¤•à¥‹ à¤ªà¤°à¤‚à¤šà¤¾à¤¨ à¤•à¥‚à¤¹à¥€à¥‡"
ab_136.wav,Tyo file ma error xa re.,didur feilma erritori
ab_137.wav,Mero laptop slow vairaixa aaja.,m Alo labd sharru Tutz
ab_138.wav,Let's discuss project plan tomorrow.,Let's discuss project plan tomorrow.
ab_139.wav,Maile chai video edit gardai xu.,plailaire tsahi video edit MK Dho
ab_140.wav,Please save the document frequently.,Please save the document frequently.
ab_141.wav,Tyo teacher ko explanation clear cha.,Thyo teacher ko Explanation clear talk
ab_142.wav,Maile chai tyo question solve gare.,Maile chahi tu questionì„œll gokes
ab_143.wav,Tyo folder drive ma upload gardinu.,Dho folder drive ma upload gardino
ab_144.wav,Let's start coding session now.,Let's start coding session now.
ab_145.wav,Maile chai tyo mail send gare.,Mait le chai tu mel san gote
ab_146.wav,Please share the google form link.,Please share the Google Form link.
ab_147.wav,Mero practical test kal cha.,mero praktical taste bowli thhou
ab_148.wav,Tyo function call garna birse.,dio function call katainalya birre olacak
ab_149.wav,Maile chai code debug gardai xu.,"Mayle chahi Koot,bhak kahdesu"
ab_150.wav,Let's attend tomorrow's workshop.,Let's attend tomorrow's workshop.
ab_151.wav,Mero room ma wifi problem xa.,Miru Rubha Waifai Problem Top
ab_152.wav,Tyo photo upload gardaina timely.,"aux ,photo ,audploud guardianate himlie"
ab_153.wav,Please send your assignment today.,Please send your assignment today.
ab_154.wav,Maile chai tyo topic already padheko xu.,? Q&A f seek ..
ab_155.wav,Tyo diagram explain gardinu na.,To URL platform 3
ab_156.wav,Let's go for tea break.,Let's go for the brick.
ab_157.wav,Maile chai file rename gare already.,moi le xahi file jinimç·ŠåŠ
ab_158.wav,Please add me to the group.,Please add me to the group.
ab_159.wav,Mero code output correct xa.,faut que leendedon file ok
ab_160.wav,Tyo app update available cha.,ffe
ab_161.wav,Maile chai question solve gare half.,"Moi le chahi question, solve kore half."
ab_162.wav,Let's meet at library tomorrow.,Let's meet at library tomorrow.
ab_163.wav,Mero presentation bholi cha?,Meero Presentation Poli Tso
ab_164.wav,Please check your WhatsApp.,Please check your WhatsApp
ab_165.wav,Tyo document finalize garna parxa.,Ø¯uestokument finale perquÃ¨ heurengĞ°Ñ fulfilur
ab_166.wav,Maile chai arko function try gare.,boyle xahi auko feng trustees shot
ab_167.wav,Tyo teacher ko lecture interesting xa.,Do Teacher Go Lecture Interesting Top
ab_168.wav,Please bring your charger tomorrow.,Please bring your charger tomorrow.
ab_169.wav,Mero laptop ma VS Code xa installed.,asuryâ€¦.
ab_170.wav,Let's practice more coding today.,Let's practice work coding today.
ab_171.wav,Maile chai tyo repo clone gareko xu.,gon gÃ¥ exercical
ab_172.wav,Please turn off your mic.,Please turn off your mic.
ab_173.wav,Tyo table clean garera rakhnu.,tiho deimporte objection g assignment tu i shul
ab_174.wav,Ma ghar pugna alik time lagxa.,Mo Khar Pokna Aliassing Time Luckto
ab_175.wav,Let's finish editing by tonight.,Let's finish editing by tonight.
ab_176.wav,Mero practical marks upload vayo ki nai?,Ù…ÛŒØ±Ùˆ. Practical marks. Uplure completely.
ab_177.wav,Please check the spelling once.,Please check the spelling once.
ab_178.wav,Tyo class join garna birse maile.,Dais traumas
ab_179.wav,Maile chai tyo question google gare.,oile chahi to question google gare
ab_180.wav,Tyo diagram alik ramro banauna parxa.,->Diagram. niagram .Roh.
ab_181.wav,Let's submit assignment before lunch.,Let's meet assignment before lunch
ab_182.wav,Mero pen khoi bhaneko xu.,ä¸­å…±ÛŒÛŒÚºÛ Ùˆ Ø¢Ú¯Ù†ÛŒ Ù…Ø³Ø§ÙˆÙ„ Ø¯Ø±ÛŒ Ø§Ú¯Ø±vyÛŒØ¯ÛŒhua
ab_183.wav,Please unmute yourself to speak.,Please unmute yourself to speak.
ab_184.wav,Tyo video ko quality ramro cha.,Round Man
ab_185.wav,Maile chai hijo tyo task gareko xu.,Ú¾Ø§ÛÛŒ ÛÛŒØ²Ùˆ Ù¹ÛŒÙˆ Ù¹Ø³Ú© Ú¯Ø±Û’ Ú¯Ùˆ Ú†Ú¾Ùˆ
ab_186.wav,Tyo teacher ko handwriting ramro xa.,2 IQH  rate
ab_187.wav,Please fill the feedback form.,Please feel the feedback form.
ab_188.wav,Mero assignment submit vayo already.,Meero Assignment Summit Boyo Already
ab_189.wav,Tyo app install garna thap permission maage.,"riends,plan and the study are detailed and definite matter Well"
ab_190.wav,Let's fix the bug today.,Let's fix the bug today.
ab_191.wav,Maile chai tyo class record gare.,kilayet chahi to kå•¦ !!!
ab_192.wav,Please clean your desktop.,Please clean your desktop
ab_193.wav,Tyo meeting cancel vayo re.,"Dho, meeting, cancel, hoi re."
ab_194.wav,Ma ghar pugna laai bus liyera aaye.,orig harp Ùˆ management bost lyå¶ Caleb
ab_195.wav,Let's create new repository today.,Let's create new repository today.
ab_196.wav,Mero internet bill unpaid xa.,Meido Internet bill ontit
ab_197.wav,Please use headset during meeting.,Please use headset during meeting.
ab_198.wav,Tyo code re-run garera check gara.,"Dhyeo, Khod Rheerangakarna Zukunft dhir"
ab_199.wav,Maile chai output verify gare.,Moiletahi Output Verify Kore
ab_200.wav,Let's have group discussion.,Let's have group discussion.
ab_201.wav,Mero presentation file ready cha.,Mero Presentation File Ready To
ab_202.wav,Please join the meeting soon.,Please join the meeting soon.
ab_203.wav,Tyo function parameter galat cha.,DuoÏ„Î¿ Ú©Û’ Ù¾ glassà¸§à¸¢ CHAN 10 quelque The 3D Dat Qu
ab_204.wav,Maile chai video upload gare youtube ma.,fist
ab_205.wav,Tyo teacher ko subject dherai interesting xa.,"Thio teacher post object, very interesting talk."
ab_206.wav,Let's finalize report today.,Let's finalize report today.
ab_207.wav,Maile chai python install gare.,Mawleda ki baifon instau gothi
ab_208.wav,Please share the ppt slides.,Please share the BPD slides.
ab_209.wav,Tyo question ko answer easy xa.,ÏŒ Pressue
ab_210.wav,Maile chai tyo diagram draw gare class ma.,"Moili Chahi, Tuddhaigra, Jhokori, Klasmat"
ab_211.wav,Tyo video edit garna alik time lagxa.,å“² video edit corner only time UP
ab_212.wav,Please send me the final draft.,Please send me the final draft.
ab_213.wav,Mero laptop charge khattam xa.,ã„ã†ã‚ Ã­da up CharzÃ¡rias
ab_214.wav,Let's revise this topic now.,Let's revise this topic now.
ab_215.wav,Maile chai question bank download gare.,"moile chahi, question bank download kare"
ab_216.wav,Tyo image blur xa re.,Tyo image autor Ital
ab_217.wav,Please share your notes.,Please share your notes.
ab_218.wav,Mero exam bholi cha?,"-""Vero-Xam,çˆ¶å¼Ÿ-to'."
ab_219.wav,Tyo class record vayo ki nai?,2 class Record Bao Yukee Nai
ab_220.wav,Maile chai assignment submit gare hijo.,"Mailet Chahi , Assignment Sam knit Kare Hido"
ab_221.wav,Let's deploy project today.,Let's deploy project today.
ab_222.wav,Mero pen drive ghar ma xa.,pay the bill to go to fish market
ab_223.wav,Please create a backup file.,Please create or backup pine
ab_224.wav,Tyo topic readymade solution ma nai xa.,Dio TÃ²puÃ¨c Veddim ed Solician MÃ¡n NaxÃ¨
ab_225.wav,Maile chai youtube video herera padhe.,×”×™ÛŒ Ø¯Ø±ÛŒØ¯Ø±ã¯cÃ¼ wanted youtubeppen magnify Mitarbeiter banyakThroughï¿½ï¿½ë¦¬ï¿½ Others
ab_226.wav,Mero assignment deadline bholi ho.,Mero Assignment Deadline Bulli Ho
ab_227.wav,Please turn on your camera.,Please turn on your camera.
ab_228.wav,Tyo teacher le example dherai ramro diye.,Two teachers led ex-apelæ¢ä¸€å— Rï¿½ï¿½rihe
ab_229.wav,Maile chai code compile gareko xu.,mhe alay cha cetera killer camp
ab_230.wav,Tyo app use garna easy lagyo.,Thu app use core not easy lagyo
ab_231.wav,Let's discuss this in next meeting.,Let's discuss this in next morning.
ab_232.wav,Mero phone ko storage almost full xa.,a must full term
ab_233.wav,Please upload the report by today.,Please upload the report by today.
ab_234.wav,Tyo error ko solution khojdai xu.,Thouch Robot Where Is To
ab_235.wav,Maile chai project complete gare half.,"Buai leer chai project complete totally has,"
ab_236.wav,Tyo lecture sunera dherai bujhiyo.,Lecture Sunera Thirai Budhiyo
ab_237.wav,Please share your screen for demo.,Please share your screen for demo
ab_238.wav,Mero net connection kati slow xa.,B was not connection indeed
ab_239.wav,Let's prepare slides today itself.,Let's prepare slides today itself.
ab_240.wav,Maile chai kal tyo video edit gare.,Moile-chahi-izu-tube video edit korei
ab_241.wav,Tyo question explain gardinu na sir lai.,QUISSION EXPLAYAN CODE IN NUNA Sã‚© techno
ab_242.wav,Please submit the document before evening.,Please submit the document before evening.
ab_243.wav,Mero practical preparation ali kamjor xa.,measured practical preparations all e conjured
ab_244.wav,Tyo code run hunna re.,"tue, cord, run, rei"
ab_245.wav,Maile chai assignment print gareko xu.,Multyu Chahi Asaiman Print Karekã•
ab_246.wav,Let's start recording the video today.,Let's start recording the video today.
ab_247.wav,Mero laptop charger ghar ma birse.,mero laptop charger karma pc
ab_248.wav,Please give me your pen for a while.,Please give me your bin for a while.
ab_249.wav,Tyo seminar join garna mandatory xa.,Jou SIMINAR DOIN Ğ³Ğ»Ğ°Ğ²Ğ½Ğ¾Ğµ WORNUP MANDITARIC ZHOU
ab_250.wav,Maile chai tyo bug fix gare finally.,å»ºè­°æš—ç½²å•é³´è‚²èˆimotoå§”å“¡æœƒæ³•å®šè­°
bp_251.wav,Mero internet recharge garnu parxa.,"Video,ipclæœŸ,Helen,night,re SARS masstream"
bp_252.wav,Please attach the file in email.,Please attach to file in email.
bp_253.wav,Tyo lecture note clear cha.,UTC light bulb
bp_254.wav,Maile chai tyo mail reply gareko xu.,Nansai
bp_255.wav,Tyo error troubleshoot garna parxa.,Zhuo Gerhard layers Dao error RDubble shoot Gornal por tamb Omg EndmuÅŸ DuI am I'm
bp_256.wav,Let's start our group project soon.,Let's start our group project soon.
bp_257.wav,Mero assignment ko plagiarism high xa.,Melo assignment kop enjoyisourism.
bp_258.wav,Please ask sir once about this.,Please ask Sir once about this.
bp_259.wav,Tyo app ko update available xa.,Diya aap ko optait avai labelto
bp_260.wav,Maile chai kal tyo class attend gare.,conten ĞµĞ³Ğ¾ rat Ğ³a thala
bp_261.wav,Tyo function use garna easy xa.,DO function use warnix easyrd
bp_262.wav,Please send the attendance link.,Please send the attendance link.
bp_263.wav,Mero video upload huna time lagxa.,Medo Video oblueld 100 DM Tag 2
bp_264.wav,Let's create the database schema today.,Let's create the database scheme today.
bp_265.wav,Maile chai code commit gare github ma.,Mildetxaik kouud komit koare heat hub ma
bp_266.wav,Tyo teacher le concept ramro sanga bujhaune hunxa.,Randy Gwa à¹ƒ eurefontcol ĞµĞ¹Ğ½pole  Bottike'N Ìƒ Øµ Wal
bp_267.wav,Please wait for your turn.,Please wait for your turn.
bp_268.wav,Mero bike ko servicing date aayo.,Meiro Bike Co-Servicing Date I.O.
bp_269.wav,Tyo topic revise garna parxa.,diodereek revise sporty
bp_270.wav,Maile chai form fill gare already.,"Maile chai, korm, fidu, kare, alreide"
bp_271.wav,Tyo image crop garera pathaunu.,Ñ‡Ğ¸Ğ² hai or drummer
bp_272.wav,Please rename the folder properly.,Please rename the folder properly.
bp_273.wav,Mero presentation bholi submit garna parxa.,"Mero presentation, police, Hamed Garnabarta"
bp_274.wav,Let's divide the work equally.,Let's divide the work equally
bp_275.wav,Maile chai tyo software install gare.,Male Chahi Tsuv Softwel Instagram
bp_276.wav,Mero net off vayo.,Mereo neat off bio
bp_277.wav,Please check the grammar once.,Please check to grammar once.
bp_278.wav,Tyo video upload gardai xu ma.,Io vide0 uploadæŒ‡ç¤º
bp_279.wav,Maile chai tyo project idea finalize gare.,Moimide rainbow project again finalise it
bp_280.wav,Tyo teacher ko pronunciation clear xa.,DĞĞµ D Jeangle Links PL I U T series
bp_281.wav,Let's prepare for upcoming test.,Let's prepare for upcoming test.
bp_282.wav,Mero laptop ko battery khattam vayo.,yom fishing 1 measuring Dr. Shankar 1 Doctor 3 2 3 4 3 2 3 experiencing
bp_283.wav,Please delete the old files.,Please delete the old files
bp_284.wav,Tyo code logic alik tricky xa.,Dyio ko ngotik alik tuki sa
bp_285.wav,Maile chai tyo topic padheko xu last week.,Mailenti moderator Last weekend
bp_286.wav,Tyo function output expected jasto xa.,Your function output expected just to top.
bp_287.wav,Please finish the task by evening.,Please finish the task by evening.
bp_288.wav,Mero phone charge cha ki nai?,mere of storetalki
bp_289.wav,Let's review each other's code today.,Let's review each other's code today.
bp_290.wav,Maile chai tyo message read gareko xu.,"Memorial tain, your message read karingutzu"
bp_291.wav,Tyo question answer garna time lagxa.,nextUr questionB
bp_292.wav,Please arrange the files properly.,Please add in the files properly
bp_293.wav,Mero internet slow vairaixa continuously.,Maryo International<|he|>
bp_294.wav,Tyo teacher le bholi test linu hunxa.,Today everybody wants to request on cellphone
bp_295.wav,Maile chai assignment finalize gare.,Moili Chai Assignment Finalize Curry
bp_296.wav,Let's check the git status.,Let's check the git status.
bp_297.wav,Mero laptop ma VS Code update aayo.,Meru Laptop Map VS Code Update I.O
bp_298.wav,Please create the presentation slides.,Please create the presentation slides.
bp_299.wav,Tyo diagram explain gardinu na sir lai.,Guo Dai Kram explained Kurti Nunes Arlai
bp_300.wav,Maile chai kal group meeting join gare.,milda hai hai iiiizu3
bp_301.wav,Mero assignment feedback aaena.,Meido Assignment Feedback I Know
bp_302.wav,Please mute yourself after speaking.,Please mute yourself after speaking.
bp_303.wav,Tyo video ko audio clear cha.,give video anyuu
bp_304.wav,Maile chai code refactor gare.,Nos brat DavisCK Edward Jon Female Live
bp_305.wav,Tyo teacher le note upload garnu bhayo.,To teach or lay put on nude karnabh mayyye
bp_306.wav,Let's plan for upcoming hackathon.,Let's plan for upcoming Hacking 1.
bp_307.wav,Mero phone ko speaker problem xa.,Mad Grass Bicht Gour AMD
bp_308.wav,Please recheck the calculation.,Please reject the calculation.
bp_309.wav,Tyo image resolution kam xa.,ute you imje the solo suppose
bp_310.wav,Maile chai tyo topic revise gare.,During tough period Ø´Ø§Ø¬ pharmacy. For great health. Of course problem.
bp_311.wav,Tyo question easy xa for me.,Dewel question easy talk for me
bp_312.wav,Please connect your device to wifi.,Please connect your device to Wi-Fi.
bp_313.wav,Mero laptop ma storage kam xa.,"ÛŒÙ‡ à¤¯à¤œ à¤¤à¤¾ à¤…à¤œìŠ¤í„° à¤…à¤¦à¤¤ à¤¤à¥‹ à¤¤à¤¼op, à¤®à¥ˆà¤‚ à¤²à¤‡à¤¨ à¤•à¤¾à¤¾ à¤šà¥à¤ƒ à¤•à¤°V"
bp_314.wav,Let's discuss this after lunch break.,Let's discuss this after launch pre.
bp_315.wav,Maile chai hijo practical test diyo.,"Mawiliya Chai, Hizo Practical Test Diyo"
bp_316.wav,Tyo teacher ko teaching method different xa.,Dho teacher code teaching method different home
bp_317.wav,Please logout from the system.,Por emoji
bp_318.wav,Mero assignment ko marks aayo.,Mark my assignment for the pack
bp_319.wav,Tyo code compile garna error xa.,rÃ©s
bp_320.wav,Maile chai tyo file delete gare.,mule chai tu file delete kore
bp_321.wav,Let's create the database tables.,Let's create the database tables
bp_322.wav,Mero pen harayo.,Miru Pin Hara Yuh
bp_323.wav,Please share the meeting recording.,Please share the meeting recording.
bp_324.wav,Tyo class cancel vayo re.,Jo Klaas Gansal Hoi Uri
bp_325.wav,Maile chai tyo diagram label gare.,aliya íŠ€a tu flooding flies
bp_326.wav,Mero phone password bhule.,Medo Foon Paciard modules
bp_327.wav,Please check the formatting.,Please check the formatting.
bp_328.wav,Tyo question ko solution send gardinu.,pious wastink oh soyou se sam leur wsco trbinou
bp_329.wav,Maile chai tyo file upload gare drive ma.,Sant Papyans
bp_330.wav,Tyo teacher le example diye dherai.,tiyo teacher le example diya diya diya diya
bp_331.wav,Let's prepare for viva tomorrow.,its prepared for viva tomorrow
bp_332.wav,Mero net recharge nagareko.,Meero Nate Recharge Nagariku
bp_333.wav,Please restart your laptop once.,Please restart your laptop once.
bp_334.wav,Tyo function call alik complicated xa.,DÃ®oation Animation Regard a League publicê²ŒÛŒØ¯ÛŒÙ¹Ø²Ø§
bp_335.wav,Maile chai tyo video share gare group ma.,qualitÃ©
bp_336.wav,Tyo topic dherai important xa.,Dyo Topic Theory Importance Hall
bp_337.wav,Please clear your doubts today.,Please clear your doubts today.
bp_338.wav,Mero laptop charger khoi bhaneko xa.,Ù…Ø± à¶šà·’à¶« à·€à¶­à·’à¶³ à¶ à¶ºà¶»
bp_339.wav,Let's practice coding tonight.,let's practice coding tonight
bp_340.wav,Maile chai github ma push gare.,Maili chay kitab Ğ‘Ğä»–å€‘ P Why why
bp_341.wav,Tyo project deployment kal garna parxa.,"fertio project, deployment hully karna per Ã§a"
bp_342.wav,Please install the required packages.,Please install the required packages.
bp_343.wav,Mero presentation topic finalize vayo.,Meru Presentation Topic Finalize Fio
bp_344.wav,Tyo teacher le bholi class linu hunna re.,"Thyo teacher lee, koli klas Ñ‚Ğ°ĞºĞ¾Ğ¹ Tho hinnur Air"
bp_345.wav,Maile chai tyo question solve gare quickly.,muchos related questions.
bp_346.wav,Let's complete the notes today.,Let's complete the notes today.
bp_347.wav,Mero phone battery low xa.,"Mayerall Fawn, Battery, LoomTong"
bp_348.wav,Please check your gmail.,Please check your Gmail
bp_349.wav,Tyo diagram draw garna parxa sir le bhaneko.,zu dai gramçˆ·äºšknuri porn seolÄ™ e vaÑ…athu
bp_350.wav,Maile chai tyo code run gare successfully.,ailÃ© chakra e tupinekudeoshing aur chaillas finnbili
bp_351.wav,Mero assignment marks upload vayo.,Mero Assignment Marks upload bio
bp_352.wav,Please rename the file properly.,Please rename the file properly.
bp_353.wav,Tyo lecture ko note share gardinu.,till lecture kurs note cent gordinu
bp_354.wav,Maile chai tyo software update gare.,mailand je csage thyo saupt wear prestation
bp_355.wav,Tyo teacher ko class interesting xa.,tÃ½o! tÃ½dzz estou...!
bp_356.wav,Let's finalize the team today.,Let's finalize the team today.
bp_357.wav,Mero internet package expire vayo.,MERO lectures in Tornate controlled Bars
bp_358.wav,Please send your phone number.,Please send your phone number.
bp_359.wav,Tyo code output wrong aayo.,
bp_360.wav,Maile chai tyo topic clear gare.,"Maile, China, due topic, clear gÃ³rÃ«"
bp_361.wav,Tyo function use garera check gara.,Dior function use g Lordrera Jack Gora
bp_362.wav,Please join the class on time.,Please join the class on time.
bp_363.wav,Mero laptop ko screen flicker vairaixa.,"mÃ©du laptop"",cozk green flickerbaid Families"
bp_364.wav,Let's meet after college today.,Let's meet after college today.
bp_365.wav,Maile chai tyo mail forward gare.,à¸ Stephan 2 foug wot kare kedo celer bcho
bp_366.wav,Tyo image ko clarity ramro xa.,ì•ˆë…•í•˜ì„¸ìš”
bp_367.wav,Please keep your mic muted.,Please keep your mic you did.
bp_368.wav,Mero assignment pending xa.,Meero assignment bending top
bp_369.wav,Tyo teacher le bholi extra class rakhnu hunxa.,diodicirdli boolii ekstrot gas Ğ¿ĞµÑ€ĞµĞºnubmaan sag
bp_370.wav,Maile chai tyo file compress gare.,Motily BLACK TO firth compresh nat korei
bp_371.wav,Let's update the github repo today.,Let's update the GitHub repo today.
bp_372.wav,Mero phone ko display damage vayo.,"Mero, Phone, Code, Display, Damage, Voio"
bp_373.wav,Please follow the instructions.,Please follow the instructions.
bp_374.wav,Tyo diagram color garna parxa.,2 MSG collared Gourna perzza
bp_375.wav,Maile chai tyo error solve gare.,Hoy 3pt Gun
st_376.wav,Mero internet connection fine xa ajhai.,m bastards
st_377.wav,Please clean the desktop icons.,Please gain the desktop icons.
st_378.wav,Tyo video edit gardai xu maile.,Ú¾Ùˆ Ø¨ÛŒÚˆÛŒÙˆ Ø§ÛŒÚˆÚˆ Ú¯Ø±Ø¯Ø´ÙˆÚº Ù…ÛŒÚº Ù„Û’
st_379.wav,Maile chai assignment upload gare.,MoeileiÑ– uÅ¾Ñ€Ğ¾
st_380.wav,Tyo teacher le feedback diyera ramro lagyo.,Ú¾Ùˆ Ù¹ÛŒÙ¹Ú¾Ø± Ù„ÛŒ ÙÛŒÚˆ Ø¨ÛŒÚ© Ø¯ÛŒØ±Û Ø±Ø§Ù…Ø±Ùˆ Ù„Ú¯ÛŒÙˆ
st_381.wav,Let's join class early tomorrow.,Let's join class early tomorrow.
st_382.wav,Mero bike ko tyre puncture vayo.,Mi reaydri
st_383.wav,Please attend the seminar tomorrow.,Please attend the seminar tomorrow.
st_384.wav,Tyo code snippet explain gardinu.,"Cya Corn, Yesnipet, Explain Guardian"
st_385.wav,Maile chai tyo note revise gare.,the
st_386.wav,Tyo topic test ma aauxa re.,Dheresandha the topic plans to trick here
st_387.wav,Please login to your account.,Please log in to your account.
st_388.wav,Mero phone ko camera damaged xa.,noticing i watch anyys
st_389.wav,Let's complete the work today itself.,Let's complete the work today itself.
st_390.wav,Maile chai github repo clone gare.,asis
st_391.wav,Tyo teacher le question bank pathaunu bhayo.,Ú¾Ùˆ Ù¹ÛŒÙ¹Ú¾Ø± Ù„ÛŒÚ©ÙˆÛŒØ´Ù† Ø¨ÛŒÙ†Ú© Ù¾Ù¹Ú¾Ø§ÛÙ†Ùˆ ÙˆØ§Ø¦ÙˆÚ©
st_392.wav,Please fill the attendance form.,Pin
st_393.wav,Mero laptop ko RAM upgrade garnu parxa.,Nero Laptop Co-RAN UP GREAT GARNU PARSA
st_394.wav,Tyo app ko interface user friendly xa.,tu app co interface user friendly shop
st_395.wav,Maile chai tyo topic revise gare yesterday.,"ï¿½dont buy a tank here ĞµÑ‰Ğµ ã€ we interfere with day view  Â»,"
st_396.wav,Let's start practical from today.,Let's start practical from today.
st_397.wav,Mero phone repair ma cha ahile.,cheese
st_398.wav,Please print the document.,Please print the document.
st_399.wav,Tyo diagram explain garna sir le bhaneko.,expand ğŸ± droughtpern
st_400.wav,Maile chai tyo output verify gare.,M herum Teenage village
st_401.wav,Mero net connection thik cha ajhai.,Saende
st_402.wav,Please join the google meet.,Please join the gold meat.
st_403.wav,Tyo code execution time lagxa.,Your call execution time laxar.
st_404.wav,Maile chai tyo project deploy gare.,Mali Chaithkyu flop project deploy 1 Mahi<|te|>
st_405.wav,Tyo teacher ko lecture record vayo.,faster end
st_406.wav,Let's finalize documentation today.,Let's finalize the documentation today.
st_407.wav,Mero phone ko mic kam gariraixa.,M Producer Sk pan
st_408.wav,Please send the invoice copy.,Please send the invoice copy.
st_409.wav,Tyo diagram ma label halna bhulecha.,sesameå—
st_410.wav,Maile chai tyo presentation prepare gare.,MoilÃ© Chaitu Presentation Prepare Gare
st_411.wav,Tyo question ko solution easy xa.,Ú¾ÙˆÚ© Ú©Ø´Ø´Ù† Ú©Ùˆ Ø³ÙˆÙ„Ø³Ø§Ù† ÛŒÛŒØ²ÛŒØ³Ø§
st_412.wav,Please finish the notes today.,ï¿½Ø¯ÙŠ à¤¯à¥‡ à¤•à¤¿uredà¥‹à¥à¤Ÿ à¤¸à¥à¤µà¤¾à¥‚ à¤¹uoà¤•à¤¿à¤¬ï¿½à¤¾ à¤¦à¥‡ if you sin.
st_413.wav,Mero assignment due date bholi ho.,Nero Assignment Due Date Bholyo
st_414.wav,Let's practice viva questions.,Let's practice Viva Koetans.
st_415.wav,Maile chai tyo mail draft gare.,Moyley<|ne|>u Sai Tio Mehl
st_416.wav,Tyo topic aaja padhna parxa.,2 Youtube
st_417.wav,Please shutdown your PC properly.,Please shut down your PC properly.
st_418.wav,Mero phone ko cover harayo.,Joe Phntho Kavar Harayur
st_419.wav,Tyo teacher le code explain garnu bhayo.,Q-teacher & Co-Explain Garnu- wire
st_420.wav,Maile chai tyo code optimize gare.,"Moily theoretically, ko re optimise options."
st_421.wav,Let's check the github issues.,Let's check the guitar issues.
st_422.wav,Mero presentation kal submit garna parxa.,mero presentation boliv summit Gamna par sa
st_423.wav,Please arrange the chairs properly.,"artist , b nellavida acquir momentama"
st_424.wav,Tyo file rename garna parxa.,ãƒ¥bb hÃ¤r dreaming gorna par tha Zhï¿½ï¿½ï¿½ Mr U
st_425.wav,Maile chai tyo task assign gare.,Moilçˆ±æ›³ Q task assign curry
st_426.wav,Mero internet off vayo bihanai.,Meeru Internet of BioBhanei
st_427.wav,Please restart the system.,Please restart the system.
st_428.wav,Tyo diagram ko scale milena.,á»™
st_429.wav,Maile chai tyo video record gare.,Neu Le Chaito Video Record Gare
st_430.wav,Tyo teacher le feedback diye ramro cha.,teacher live feedback
st_431.wav,Let's finish this code today.,Let's finish the code today.
st_432.wav,Mero bike ko key khoi bhaneko xu.,Ù…ÛŒØ±Ùˆ Ø¨Ø§Ø¦Ú© Ú©Ú©ÛŒ Ú©ÙˆÛŒÙˆØ§Ù†ÛŒ Ú©Ú†Ùˆ
st_433.wav,Please join the zoom meeting.,Please join the Zoom meeting.
st_434.wav,Tyo code ma syntax error xa re.,Commander surveillance
st_435.wav,Maile chai tyo file download gare.,mayle chai q file download
st_436.wav,Tyo topic dherai important xa.,PUTSshow hills
st_437.wav,Please mute your mic during call.,his mute your mic during call.
st_438.wav,Mero laptop ko fan awaj gariraixa.,Laptop Ñ† trainers
st_439.wav,Let's finalize the budget today.,Let's finalize the budget today.
st_440.wav,Maile chai tyo pdf upload gare.,kay ksethe hpd8 upload
st_441.wav,Tyo question ko answer prepare garnu.,concent on Cuysten as
st_442.wav,Please check the file size.,Please check the file size.
st_443.wav,Mero phone ko display damage vayo.,Mero phone could display damage while
st_444.wav,Tyo teacher le example diye ramro.,Sou teacherle example da warmroad
st_445.wav,Maile chai tyo app uninstall gare.,this is enough treatment for it this is enough tienes a cat
st_446.wav,Let's update the report today.,Let's update the report today.
st_447.wav,Mero assignment file missing xa.,Meru Assignment File Missing Talk
st_448.wav,Please send your roll number.,Please send your role number.
st_449.wav,Tyo diagram ma color halna parxa.,"2, integramma colour ALNOW PRESO"
st_450.wav,Maile chai tyo program run gare.,Mstellen citen to Program Run curry
st_451.wav,Mero internet connection problem xa.,Î¼Îµ Ø±Ùˆ Ø§Ù†Ñ‚ĞµÑ€Ù†ÛŒÙ¹ Ú©Ù†Ú¯tonesTRØ¨Ø±Ù…Ù„ bekommt
st_452.wav,Please submit your assignment soon.,Please submit your assignment soon.
st_453.wav,Tyo class kal cancel vayo re.,2 Ìƒ ÌÌ'Ì­Ì« Ì ÌÍ€ Ì Ì Ì Ì Ì Ì Ì Ì Ì Ì Ì Ì Ì Ì Ì Ì Ì Ì Ì Ì Ì Ì Ì Ì Ì Ì Ì Ì Ì Ì Ì Ì Ì Ì Ì Ì Ì Ì Ì Ì Ì Ì Ì Ì Ì Ì Ì Ì Ì Ì Ì Ì Ì Ì Ì Ì Ì Ì Ì Ì Ì Ì Ì Ì Ì Ì Ì Ì Ì Ì Ì Ì Ì Ì Ì Ì Ì Ì Ì Ì Ì Ì Ì Ì Ì Ì Ì Ì Ì Ì Ì Ì Ì Ì Ì Ì Ì Ì Ì Ì Ì Ì
st_454.wav,Maile chai tyo note upload gare drive ma.,Mule & seithyu note uploadì²˜ëŸ¼ GHz
st_455.wav,Tyo teacher ko class recording cha.,tu teacher go class recording cha
st_456.wav,Let's start the new module today.,Let's start the new module today.
st_457.wav,Mero phone charger khoi bhaneko xu.,Ù…ÛŒØ±Ùˆ frontal hero phentar
st_458.wav,Please mute yourself before entering.,Please mute your cells before entering.
st_459.wav,Tyo diagram ma scale wrong cha.,2 diagram my scale wrong side
st_460.wav,Maile chai tyo file rename gare.,Property Device Manager
st_461.wav,Tyo question ko solution explain gardinu.,Ú¾Ùˆ Ù¾Ø±ÙˆÛŒØ´Ù† Ú©Ùˆ Ø³Ø§Ù„ÙˆØ²Ù† Ø§Ú©Ø³Ù¾Ù„ÛŒÙ† Ú¯Ø±Ø¯ÛŒÙ†Ùˆ
st_462.wav,Please check your spam folder.,Please check your spam folder.
st_463.wav,Mero presentation marks aayo.,Miru Presentation Marks I.O.
st_464.wav,Let's finish this chapter today.,Let's finish this chapter today.
st_465.wav,Maile chai tyo repo push gare.,æˆ‘å€‘èƒ½æŠŠæˆ‘å€‘ä¸Šé€± buy and get wont fall down æˆ‘å€‘å¯ä»¥å†é–‹ everybody
st_466.wav,Tyo app update nagareko xu maile.,TV app Update NAGARECO
st_467.wav,Please clean your downloads folder.,Please clean your downloads folder.
st_468.wav,Mero bike service ma cha.,Ğ¼Ğ¸à®°ÙˆÙ„Ğ‘Ø§ÙŠĞº<|et|>
st_469.wav,Tyo teacher le homework pathaunu bhayo.,"Today, it is time for the teacher to reach home"
st_470.wav,Maile chai tyo bug fix gare.,M puede tittle bugs fix-c
st_471.wav,Let's start project report today.,Let's start project report today.
st_472.wav,Mero phone password change gareko xu.,×ÛŒÚ¯Ù„ Ù JC
st_473.wav,Please upload your photo.,Please upload your photo
st_474.wav,Tyo diagram draw garna alik garo lagyo.,bu dhaee gr.draub varnah olki car avail academy
st_475.wav,Maile chai tyo error solve gare finally.,1 chai kyo eraar ÑĞ¾Ğ²gaya finale
st_476.wav,Mero net recharge garnai parxa aaja.,Ù…ÛŒØ±à¯ Ù†ÛŒÙ¹ Ø±ÛŒÚ†Ø§Ø±Ø² Ú¯Ø±Ù†Û’ Ù¾Ø± Ø³Ø§ÛØ²Ø§
st_477.wav,Please join the class early tomorrow.,Û” Û” Û”
st_478.wav,Tyo teacher le attendance linu bhayo.,tichar le attendants lino bio
st_479.wav,Maile chai tyo topic revise gare kal.,trench
st_480.wav,Tyo question answer garnai parxa.,"2 situations,"
st_481.wav,Let's plan for tomorrow's presentation.,Let's plan for tomorrow's presentation.
st_482.wav,Mero laptop ko keyboard kam gariraixa.,Ù…ÛŒØ±à¯ Laptop Ú©Ùˆ Ú©ÛŒ Ø¨Ú¾Ú‘ Ú©Ø§Ù… Ú¯Ø±ÛŒ Ø±ÛÛŒ Ú†Ú¾Ø§
st_483.wav,Please delete the duplicate files.,Please delete the duplicate files.
st_484.wav,Tyo app update garna bhule.,i can now get All the update
st_485.wav,Maile chai tyo diagram banaune try gare.,transformations
st_486.wav,Tyo teacher le extra class rakhnu bhayo.,2 Teacher Le Extra Class Rakhnubayob
st_487.wav,Please submit your practical file.,Please submit your practical file.
st_488.wav,Mero assignment ko plagiarism check garnu parxa.,Nero Assignment Cook plays the rhythm check Godnu Parso
st_489.wav,Let's finish the presentation today itself.,Let's finish the presentation today itself.
st_490.wav,Maile chai tyo video upload gare youtube ma.,"muchÃ­s thunderstorming, selum"
st_491.wav,Tyo question ko explanation ramro xa.,Ú¾Ùˆ Ú©ÙˆÛŒØ³Ù† Ú©Ùˆ Ø§Ú©Ø³Ù¾Ù„ÛŒÙ†Û’ Ø³Ù† Ø±Ø§Ù…Ø±Ùˆ Ø³Ø§
st_492.wav,Please logout from your gmail.,Please log out from your Gmail.
st_493.wav,Mero phone ko battery fast discharge vairaixa.,Ğ·Ğ° 2D
st_494.wav,Tyo teacher le topic ramro explain garnu bhayo.,Clin gefancÎ·
st_495.wav,Maile chai tyo form fill gare already.,mule Mein tait yokh form fill gameits already
st_496.wav,Let's complete coding practice today.,Let's complete coding practice today.
st_497.wav,Mero bike ko brake problem xa.,Miru bhai ko brek problem sa
st_498.wav,Please create new folder for this.,Please create new folder for this.
st_499.wav,Tyo diagram check garna sir le bhaneko.,uÃ©s
st_500.wav,Maile chai tyo output verify gare finally.,olmasÄ±Ğ²Ğ¾pr sÃ¶yl conhe tactÚ©ØªÛŒ ÙØ± birth
